{"vectors": [[0.1013606067599229, 0.1013606067599229, 0.5068030337996144, 0.23650808243982008, 0.4054424270396916, 0.1013606067599229, 0.43922929595966587, 0.2027212135198458, 0.033786868919974296, 0.23650808243982008, 0.13514747567989718, 0.06757373783994859, 0.16893434459987147, 0.033786868919974296, 0.30408182027976866, 0.23650808243982008], [0.25890435250935817, 0.25890435250935817, 0.40684969680042, 0.3698633607276546, 0.22191801643659273, 0.1849316803638273, 0.29589068858212364, 0.22191801643659273, 0.11095900821829636, 0.11095900821829636, 0.07397267214553091, 0.07397267214553091, 0.22191801643659273, 0.48082236894595093, 0.14794534429106182, 0.07397267214553091], [0.0, 0.14586499149789456, 0.2917299829957891, 0.14586499149789456, 0.2917299829957891, 0.2917299829957891, 0.4375949744936837, 0.14586499149789456, 0.2917299829957891, 0.0, 0.2917299829957891, 0.0, 0.14586499149789456, 0.4375949744936837, 0.14586499149789456, 0.2917299829957891]], "dim": 16}