{"vectors": [[0.3172083195826086, 0.1057361065275362, 0.2114722130550724, 0.035245368842512066, 0.4581897949526569, 0.14098147537004826, 0.17622684421256035, 0.3172083195826086, 0.28196295074009653, 0.07049073768502413, 0.17622684421256035, 0.2114722130550724, 0.14098147537004826, 0.14098147537004826, 0.035245368842512066, 0.528680532637681], [0.41605821095972856, 0.07564694744722338, 0.07564694744722338, 0.3025877897888935, 0.18911736861805845, 0.3025877897888935, 0.18911736861805845, 0.41605821095972856, 0.22694084234167014, 0.11347042117083507, 0.07564694744722338, 0.15129389489444675, 0.3404112635125052, 0.3025877897888935, 0.22694084234167014, 0.18911736861805845], [0.31426968052735443, 0.31426968052735443, 0.07856742013183861, 0.3928371006591931, 0.15713484026367722, 0.15713484026367722, 0.23570226039551584, 0.4714045207910317, 0.15713484026367722, 0.23570226039551584, 0.0, 0.23570226039551584, 0.31426968052735443, 0.23570226039551584, 0.15713484026367722, 0.0]], "dim": 16}